ID,name,새해 첫날 일출,공식이름,다른이름,장소,중요도,날짜,빈도,축제,행사,관련,url,title,summary,content,crawl_time,설날에 먹는 떡국,형태,2024년,2025년,2026년,2027년,정월 대보름에 달집태우기를 준비중인 풍물놀이 -남산 국립극장,state,견우직녀가 만나는 그림 (베이징 여름궁전 회랑 천정),홍콩 샤틴에 있는 Ghost King의 종이 조각상,조상에게 드리는 차례 - 한국,NaN
f030ce81-ae9d-4e94-8abe-3ba6be330650,새해 첫날,새해 첫날 일출,새해 첫날,"양력설, New Year's Day",전 세계,공휴일,그레고리력 1월 1일,매년,"해돋이, 제야의 종 등 전국 각지 타종행사",새해 인사,"신년전야, 연말연시",https://ko.wikipedia.org/wiki/%EC%83%88%ED%95%B4_%EC%B2%AB%EB%82%A0,새해_첫날,"새해 첫날은 한 해의 첫 날이며, 그레고리력이 보급된 전 세계에서 보편적으로는 양력 1월 1일을 가리킨다. 전 세계 대부분의 국가들은 양력 1월 1일 새해 첫날을 공휴일로 지정하고 명절로 기념하고 있으며, 한국에서는 새해 첫날, 신정, 양력 설 등으로 불린다.","새해 첫날은 한 해의 첫 날이며, 그레고리력이 보급된 전 세계에서 보편적으로는 양력 1월 1일을 가리킨다. 전 세계 대부분의 국가들은 양력 1월 1일 새해 첫날을 공휴일로 지정하고 명절로 기념하고 있으며, 한국에서는 새해 첫날, 신정, 양력 설 등으로 불린다.

지역별 새해 첫날
한국
한국에서는 설날인 음력 1월 1일과 구분하기 위하여 양력 1월 1일을 양력 설, 또는 새해 첫날이라고 한다. 신정(新正)이라고도 하는데, 이것은 일본에서 화력(和曆)을 양력으로 바꿀 때 음력설을 구정(舊正)이라고 부르면서 만든 말이다. 대한민국에서는 1989년까지는 이날부터 1월 3일까지 연휴였으나, 1989년에 설날이 3일 연휴(설날 전날, 설날, 설날 다음날)가 되면서 1990년에 1월 3일이 공휴일에서 제외되었으며, 9년 후인 1999년에 1월 2일이 공휴일에서 제외되어 현재는 1월 1일 하루만 공휴일이다.
대한민국에서는 음력설처럼 일가 친척이 모이지는 않더라도 가정에서는 보통 떡국을 먹으며, 일부 가정은 양력 1월 1일 새해 첫날을 쇠기도 한다. 세배가 아닌 다른 새해 인사는 양력 설인 새해 첫날 즈음에 하는 것이 보편화되어 가는 추세이며, 간지도 음력설이나 입춘이 아닌 새해 첫날을 기준으로 새롭게 시작되는 추세이다. 보신각 타종과 전국 각지의 해돋이 행사 등 묵은 해를 보내고 새해를 맞이하는 새해 첫날의 의미는 새해 첫날이 음력설보다 매우 강하다.
한국에서는 신년전야인 12월 31일부터 “새해 복 많이 받으세요”라며 새해 인사와 덕담을 나눈다. KBS, SBS에서는 연기대상, MBC에서는 가요대제전을 하며, 각종 방송사에서는 방송 중 새해 첫날 1분 전 즈음부터 새해 맞이 카운트다운 행사를 진행한다. 새해 첫날에는 일출을 보고 새해 소망을 기원하는 인파들의 행렬이 이어지며, 정치인들이나 기업인들이나 교육자들, 고위 공무원들은 신년사를 발표한다. 새해 첫날에 각 가정에서는 떡국을 먹으며 한 해의 무사를 기원한다. 양력을 공식 달력으로 사용하는 현대 한국 사회에서는 보편적으로 새해 첫날인 이 날을 띠가 바뀌는 새로운 갑자(甲子)의 기준으로 삼고 있다. 그러나 정확히 띠가 변하는 시기는 24절기중 봄이 시작하는 입춘(立春)을 시작으로 띠가 변경이 된다. 각 방송국에서 양력 1월1일과 설날 방송등에서 새로 변한 띠의 해로 새해 인사를 하지만 이는 오류이다. 대중매체를 통해 지식을 입력 받는 일반인 입장에서는 잘못된 정보를 습득하게 되는 것이다. 새로운 띠는 입춘일때 바뀌는게 정확한 지식이다.

미국
미국은 새해 첫날이 추수감사절, 크리스마스, 부활절 다음으로 큰 명절이며, 새해 전야(New Year’s Eve)에 전국 각지에서 카운트다운 행사가 열린다. 뉴욕의 볼드랍(ball drop) 행사는 세계적으로 유명하다.

일본
일본은 쇼가쓰, 정월 등으로 설날을 부르며, 양력 1월 1일을 설날로 쇤다. 설날은 일본의 연중 최대 명절이며 연말연시 연휴 기간 많은 행사들이 있다. 연말연시 연휴는 보통 12월 29일~1월 3일까지이며, 12월 28일부터 1월 5일까지 쉬기도 한다. 도쿄 시부야나 오사카 도톤보리 등지에서 새해 전야에 카운트다운 행사가 있으며, 도쿄 시부야 스트래블 교차로 카운트다운이 유명하다.
일본에서 매년 양력 1월 1일부터 1월 3일까지 포함되며, 한국에서는 설날인 음력 1월 1일과 구분하기 위하여 양력 1월 1일을 양력 설, 또는 새해 첫날이라고 한다. 양력 설은 신정(新正)이라고도 하는데, 이것은 일본에서 화력(和曆)을 양력으로 바꿀 때 음력설을 구정(舊正)이라고 부르면서 만든 말이다.

같이 보기
새해
동지 (또는 동지점)
하지 (또는 하지점)
입춘
춘분 (또는 춘분점)
설날
설날 (한국)

기타
양력 1월 1일은, 천문학적으로는 황경이 거의 280도라는 의미가 있다.


== 각주 ==",2025-04-01 18:33:20,nan,nan,nan,nan,nan,nan,nan,nan,nan,nan,nan,nan
c73efacb-0ae3-4658-9033-a700abc245a8,설날,nan,설날,"설, 구정, 음력설",한국,공휴일,음력 1월 1일,매년,"널뛰기, 윷놀이","차례, 세배, 떡국, 복조리",추석,https://ko.wikipedia.org/wiki/%EC%84%A4%EB%82%A0_(%ED%95%9C%EA%B5%AD),설날_(한국),"설날은 추석과 더불어 대표적인 한국의 명절로, 음력 1월 1일이다. 설이라고도 불린다. 현대 한국에서 새해는 대부분 양력 1월 1일인 새해 첫날에 기념하고, 일가 친척들이 만나는 전통 명절 기념은 음력설에 한다. 설날에는 조상에게 차례를 지내고, 친척이나 이웃 어른들에게 세배를 하는 것이 한민족 고유의 풍습이다. 그믐밤에 잠을 자면 눈썹이 하얗게 샌다고 하여 밤을 지새우기도 한다. 차례를 지내고 세배를 한 후에는 윷놀이·널뛰기·연날리기 등 여러 민속놀이를 하며 이 날을 즐겼다. <동국세시기>에 따르면, 1년 동안 빗질하며 빠진 머리카락을 빗상자 안에 모아 두었다가 설날 해질 무렵에 태우며 나쁜 병을 물리치고 건강을 기원하는 풍속이 있었다고 한다. 현재 설날은 음력설 당일을 기준으로 전날과 다음날을 포함해 총 3일간 공휴일로 지정하고 있다. 대한민국의 경우 2014년부터 대체공휴일 적용 대상 공휴일이 되었고 이에 따라 설날이 4일 연휴가 되는 경우도 있다.","설날은 추석과 더불어 대표적인 한국의 명절로, 음력 1월 1일이다. 설이라고도 불린다. 현대 한국에서 새해는 대부분 양력 1월 1일인 새해 첫날에 기념하고, 일가 친척들이 만나는 전통 명절 기념은 음력설에 한다. 설날에는 조상에게 차례를 지내고, 친척이나 이웃 어른들에게 세배를 하는 것이 한민족 고유의 풍습이다. 그믐밤에 잠을 자면 눈썹이 하얗게 샌다고 하여 밤을 지새우기도 한다. 차례를 지내고 세배를 한 후에는 윷놀이·널뛰기·연날리기 등 여러 민속놀이를 하며 이 날을 즐겼다. <동국세시기>에 따르면, 1년 동안 빗질하며 빠진 머리카락을 빗상자 안에 모아 두었다가 설날 해질 무렵에 태우며 나쁜 병을 물리치고 건강을 기원하는 풍속이 있었다고 한다. 현재 설날은 음력설 당일을 기준으로 전날과 다음날을 포함해 총 3일간 공휴일로 지정하고 있다. 대한민국의 경우 2014년부터 대체공휴일 적용 대상 공휴일이 되었고 이에 따라 설날이 4일 연휴가 되는 경우도 있다.

명칭
설날은 해(年)의 한 간지가 끝나고 새 간지가 시작되는 날로, ‘설’은 ‘설다’, ‘낯설다’, ‘익숙하지 못하다’, ‘삼가다’ 등의 의미에서 유래한 것으로 추측된다. 일제강점기에는 양력 1월 1일을 신정(新正), 본래의 설날을 구정(舊正)이라고 하였는데, 이는 일본에서 화력(和曆)을 양력으로 바꿀 때 음력 설을 구정(旧正)이라고 부르면서 만든 말이다.

유래와 역사
음력설은 서기 488년 신라 비처왕 시절 설날을 쇠었다는 삼국유사의 기록이 있으며, 이후 고려와 조선까지 이어졌다.
을미개혁으로 양력이 도입되면서 1896년부터 공식적인 새해 첫날의 기능은 양력 1월 1일(양력설)에 내주었다.
광복 이후 대한민국에서도 40여 년간 음력설은 명절로서 대접받지 못하고 양력 1월 1일부터 1월 3일까지를 공휴일로 지정하였다. 특히, 이승만 정부와 박정희 정부는 이중과세(二重過歲)라는 이유로 사기업체의 휴무에 불이익을 주면서까지 음력설을 없애려 하였고, 양력설에 차례를 지낼 것을 권장하여 서울 등 대도시의 일부 가정에서는 양력설을 쇠는 풍토가 생겨났다.
그러나, 대부분 가정에서는 여전히 음력설에 차례를 지내는 전통을 유지했기 때문에 음력설도 공휴일로 지정하여 이러한 전통을 존중해야 한다는 의견이 대두되면서 정부는 1985년부터 1988년까지 민속의 날이라는 이름으로 음력 1월 1일 하루를 공휴일로 지정하였다. 6월 항쟁 이후 집권한 노태우 정부는 민족 고유의 설날을 부활시켜야 한다는 여론을 받아들여 1989년에 음력설을 설날로 하고, 섣달그믐(음력 12월 말일)부터 음력 1월 2일까지 3일 간을 공휴일로 지정하였다.

공휴일 지정
대한민국에서는 1985년부터 1988년까지 음력설을 공휴일로 지정하였고, 1989년부터 설날을 3일 연휴(음력 12월 말일부터 음력 1월 2일까지)로 지정하였다. 조선민주주의인민공화국에서는 1967년부터 음력설을 공휴일로 지정하였고, 현재는 단지 휴식일의 개념으로써 하루만 공휴일로 지정하였다. 북한은 양력 1월 1일을 설날이라 하여 더 중요시 여기고 있다.

풍습
차례 및 세배
집안에 따라 종교나 가풍에 따라 다른 경우도 있지만, 보통 설날 아침에는 전통적으로 차례를 지내고, 떡국을 먹는다. 설날에 떡국을 먹는 것이 나이를 한 살 더 먹는다는 의미가 있다.
차례를 지내고 난 후에는 친척이나 이웃 웃어른들에 세배를 한다. 세배는 웃어른에게 감사의 마음을 표현하고 건강을 기원하는 의미가 담겨 있다. 세배를 받은 웃어른들은 아랫사람에게 답례로 세뱃돈이나 덕담을 해준다.

설빔
설날에 남자·여자·늙은이·젊은이·어린이 할 것 없이 모두 일찍 일어나 세수하고 갈아입은 새옷을 설빔이라고 하며, '세장'이라고도 한다. 설빔은 섣달 그믐 이전에, 색깔이 있는 화려한 옷으로 마련하여 대체로 대보름까지 입는다.

설 음식
설날 차리는 음식은 '세찬(歲饌)', 술은 '세주(歲酒)'라고 한다. 설날이 되면 여러 가지 음식을 만들어 먹고, 세배하러 온 손님에게도 대접하는데, 이때 반드시 떡국을 차린다. 흰쌀을 빻아 만든 떡국은 설날 아침 제사지낼 때 제물(祭物)로 차리거나 손님에게 차려 내는데, 새해 때마다 떡국을 먹으므로 아이들이 나이를 물을 때 ""떡국 몇 그릇 먹었느냐?""고 묻기도 한다. 설날 흰떡을 사용하여 떡국을 만드는 것은 새해 첫날이 밝아오므로 밝음의 뜻으로 흰떡을 사용하고, 떡국의 떡을 둥글게 하는 것은 둥근 태양을 상징하는 등 태양숭배 사상에서 유래된 듯하다.
설날에는 떡국외에도 쇠고기 산적, 떡갈비, 식혜, 수정과등을 먹는다.

놀이
놀이
설날에는 1년의 운수를 점친다.

토정비결: 토정 이지함이 주역을 참조하여 만들었다고 전해진다. 생년월일을 따져 한 해의 운수를 본다.
청참: 새해 첫새벽에 사람 소리나 짐승 소리 등 그날 처음 듣는 소리로 점을 치는데 그걸 청참이라고 한다. 청참은 자기의 신수를 점친다.
오행점: 나무판이나 엽전에 오행(금, 나무, 물, 불, 흙)의 글자를 새겨 점을 본다.
윷점: 윷을 던져 점을 본다.
이 외에, 설날 또는 그 수일 간의 날씨를 살펴 한 해의 운수를 점치는 풍습이 각 지방에 남아 있다.

복조리
설날 이른 아침 또는 섣달 그믐날 밤 자정이 지나서, 대나무를 가늘게 쪼개어 엮어서 만든 조리를 사서 벽에 걸어 두는 풍습이 있는데, 이것을 복조리라고 한다.
전국에서 조리 장사가 이것을 팔기 위하여 초하루 전날 밤부터 밤새도록 인가 골목을 돌아다닌다. 이러한 풍속은 조리가 쌀을 이는 기구이므로 그해의 행운을 조리로 일어 취한다는 뜻에서 비롯 된 것으로 볼 수 있다.
또 설날에 1년 동안 사용할 조리를 그 수량대로 사서 방 한쪽 구석이나 대청 한 귀퉁이에 걸어 두고 하나씩 사용하면 1년 동안 복이 많이 들어온다는 민간 신앙도 있다.

야광귀
설날 밤에 야광이란 귀신이 사람들이 사는 마을로 내려와 아이들의 신을 신어 보고 발에 맞으면 신고 간다는 속설이 있다. 신을 잃어버린 아이는 그해 운수가 불길하다고 하여 모두들 신을 감추고 일찍 잠자리에 든다. 그리고 체를 마루 벽이나 대문 위에 걸어 두면 야광귀가 와서 체의 구멍을 세느라고 아이들의 신을 신어 볼 생각을 못하고 있다가 날이 밝으면 도망쳐 버린다고 한다.

같이 보기
새해 첫날
섣달그믐
정월 대보름
추석
입춘 (한국의 설날은 음력 1월 1일로서, 양력 1월 21일~2월 20일 사이에 온다. 즉, 입춘 (양력 2월 4일 경) 전후 ±15일이다.)
다른 문화권의 설날


== 각주 ==",2025-04-01 18:33:22,설날에 먹는 떡국,한국의 전통 명절,2월 10일 (토),1월 29일 (수),2월 17일 (화),2월 7일 (일),nan,nan,nan,nan,nan,nan
0f8ca866-0803-4270-849d-170467893652,정월 대보름,nan,정월 대보름 (Jeong-Wol Dae-Bo-Reum),대보름,한국,농사 시작일,음력 1월 15일,nan,"달맞이, 달집태우기, 더위팔기","부럼깨기, 오곡밥, 귀밝이술",원소절,https://ko.wikipedia.org/wiki/%EC%A0%95%EC%9B%94_%EB%8C%80%EB%B3%B4%EB%A6%84,정월_대보름,"정월 대보름(正月 大보름) 또는 대보름은 음력 1월 15일로, 오기일(烏忌日)이라고도 하며, 한자어로는 '상원(上元)'이라고 한다. '상원'은 도교적인 명칭으로, 삼원(상원, 중원, 하원) 중 첫 번째이다. 음력으로 설날이 지나고, 한해 첫 보름달이 뜨는 날이다.
대보름 전날인 음력 14일과 당일에는 여러 곳에서 새해의 운수에 관한 여러 풍습들을 행한다.
정월은 한해를 처음 시작하는 달로서 그 해를 설계하는 달이다. 1월 15일인 대보름날에는 점을 친다. 또 율력서에 ""정월은 천지인 삼자가 합일하고 사람을 받들어 일을 이루며, 모든 부족이 하늘의 뜻에 따라 화합하는 달""이라고 설명된다.","정월 대보름(正月 大보름) 또는 대보름은 음력 1월 15일로, 오기일(烏忌日)이라고도 하며, 한자어로는 '상원(上元)'이라고 한다. '상원'은 도교적인 명칭으로, 삼원(상원, 중원, 하원) 중 첫 번째이다. 음력으로 설날이 지나고, 한해 첫 보름달이 뜨는 날이다.
대보름 전날인 음력 14일과 당일에는 여러 곳에서 새해의 운수에 관한 여러 풍습들을 행한다.
정월은 한해를 처음 시작하는 달로서 그 해를 설계하는 달이다. 1월 15일인 대보름날에는 점을 친다. 또 율력서에 ""정월은 천지인 삼자가 합일하고 사람을 받들어 일을 이루며, 모든 부족이 하늘의 뜻에 따라 화합하는 달""이라고 설명된다.

한국의 풍습
한국에서는 달은 음에 해당하여 여성으로 본다. 달은 여신, 땅으로 표상되며 여신은 만물을 낳는 지모신으로 출산하는 힘을 가졌다고 여겼다. 달은 풍요로움의 상징이었다. 한국에서는 대보름을 설과 같은 중요한 명절로 여겼다. 지방마다 차이가 있지만 대개 대보름날 자정을 전후로 마을의 평안을 비는 마을 제사를 지냈다. 전남 해남의 도둑잡이굿, 전남 완도 장보고당제, 전남 보성 벌교갯제, 세종특별자치시 전의장승제, 전북 고창 오거리당산제, 경북 안동 도산부인당제, 경북 안동 마령동별신제, 강원도 삼천 억던 남근제, 전북 김제 마현당제가 있다.
대보름에는 오곡밥을 지어 먹으며, 아침 일찍 부럼이라고 하는 껍질이 단단한 과일을 깨물어서 마당에 버리는데, 이렇게 하면 1년 내내 부스럼이 생기지 않는다고 한다(부럼깨기). 또 귀밝이술을 마시고, 밤에는 뒷동산에 올라가 달맞이를 하며 소원 성취를 빌고 1년 농사를 점치기도 하였다. 즉 달빛이 희면 많은 비가 내리고 붉으면 가뭄이 들며, 달빛이 진하면 풍년이 오고 흐리면 흉년이 든다고 하였다. 대보름의 풍년과 복을 비는 행사로는 볏가릿대세우기·용알뜨기·놋다리밟기 등이 있고, 놀이로는 지신밟기·용궁맞이·하회별신굿·쥐불놀이·사자놀이·줄다리기·차전놀이 등이 있으며, 그 밖에 더위팔기도 있다.
각 지방마다 차이가 있으나, 대체로 다음과 같다.

행사
보름새기 - 설날과 같이 수세하는 풍습이 있어 온 집안의 등불을 켜놓고 지새웠다. 주로 섣달그믐날의 풍습으로 알려져있지만 지방에 따라 보름날 밤에 잠을 자면 눈썹이 희어진다고 하여 가족 중에 누군가 잠이 들면 장난삼아 밀가루 등으로 눈썹을 하얗게 칠해놓기도 한다.
더위팔기 - 누군가 아침에 사람을 만나면 서둘러 그 사람의 이름을 불러 ""내 열을 사세요""라고 말한다. 그해 여름에 무더위를 피할 수 있을 것으로 믿어진다.
달맞이 - 초저녁에 횃불을 들고 높은 곳에 올라 달을 맞으면서 새해의 풍년을 점치고 행운을 빈다.
달집태우기 - 달집을 만들어 달이 떠오를 때에 태우면서 풍년을 빈다.
다리밟기 - 사람들은 다리를 밟으면 다리가 튼튼해질 것이라고 믿고 밤새도록 다리를 걸었다 고한다. 12 개의 다리를 밟으면 12 개월 내내 건강 할 것으로 믿어진다.
지신밟기 - 영남 지방의 대보름 문화로, 농민들이 행렬을 이루어 집을 차례로 찾아가는 풍습이다.
액막이 연 - 그해의 액운을 멀리 날려 보낸다는 뜻으로 음력 정월 열나흗 날에 띄워 보내는 연. 연에는 이름, 생년월일 따위와 송액영복(送厄迎福)과 같은 글귀를 쓴다.

음식
대보름에 차려 먹는 절식으로는 부럼·귀밝이술 외에도 약밥·오곡밥·묵은 나물과 복쌈 등이 있다. 또 고사리·버섯·오이고지·호박고지·가지껍질·무시래기 등 햇볕에 말린 묵은 나물을 물에 잘 씻어서 먹으면 여름에 더위를 먹지 않고 건강하게 지낸다고 한다.

부럼 - 정월 보름날 새벽에는 부스럼이 생기지 말라는 의미에서 밤·잣·호두 등 단단한 견과류의 부럼을 먹는다. 이때 부럼(주로 밤의 껍질을 직접 깨물어 먹음.)
오곡밥 - 쌀, 보리, 조, 수수, 팥 등의 다섯 가지 이상의 곡물을 섞어 지은 오곡밥을 먹음.
진채식 - 무, 오이, 호박, 박, 가지, 버섯, 고사리 등을 말려둔 것을 먹는다. 여러 집에서 아홉 가지 나물을 아홉 번, 또는 열 가지 나물을 먹기도 함.
약밥 - 물에 불린 찹쌀을 시루에 찐 뒤 꿀이나 설탕·참기름·대추 등을 쪄서 거른 것을 섞고, 다시 진간장·밤·대추·계피·곶감·잣 등을 넣어 시루에 찐 밥을 말함.
복쌈 - 밥을 김이나 취나물, 배춧잎에 싸서 먹는다. 여러개를 만들어 그릇에 높이 쌓아서 성주님께 올린 다음 먹으면 복이 있다고 함.
귀밝이술 - 보름날 아침에 데우지 않은 찬술을 남녀구별 없이 조금씩 마심. 이날 아침에 찬술을 마시면 귀가 밝아지고 한 해 동안 좋은 소식을 듣게 된다고 함.
솔떡 - 솔을 깔고 떡을 쪄서 나누어 먹음.
대보름날에는 세 집 이상 성이 다른 집 밥을 먹어야 그 해의 운이 좋다고 하였다. 그래서 하루 세번 먹는 밥을 이 날은 아홉 번 먹어야 좋다고 믿음.

놀이
연날리기 - 대보름 날에는 겨울 내내 띄우던 연을 날려보낸다. 대보름 이후로는 연날리기를 하지 않고, 대보름 이후에 연을 날리면 ‘고리백정 (또는 백정)’이라 불렀다.
쥐불놀이 - 대보름 전날 밤에 펼쳐지는 전통 놀이. 그들은 논 사이의 능선에서 마른 풀을 태우고 아이들은 숯불이 타오르는 구멍이 가득 찬 캔 주위를 돌고 있다. 이 캔은 들판을 비옥하게하고 새로운 작물을 파괴하는 해로운 벌레를 제거한다.
횃불싸움 - 두 마을이 다리를 사이에 두고 서로 횃불을 들고 싸운다.
널뛰기 - 정월대보름 밤에 널뛰기를 하며, 이후로는 하지 않는다.
사자희 - 머리에 사자 가면을 쓰고 농악을 울리고 집집마다 다니면서 춤추며 논다.
기타 줄다리기, 석전, 고싸움 등의 놀이를 벌이기도 한다.
고싸움·나무쇠싸움 등의 각종 편싸움이 행하여지고, 제웅치기·나무조롱달기·더위팔기·개보름쇠기·모기불놓기·방실놀이·뱀치기 등의 액막이와 구충행사(驅蟲行事)도 행하여진다.

기타
일반적으로 정월 대보름이나 추석 보름달이 가장 크다고 생각하지만, 실제로는 그렇지 않다. 지구를 기준으로 태양과 달이 정반대편에 일직선으로 위치할 때 보름달을 볼 수 있으며, 타원궤도를 도는 달이 근지점을 통과할 때 달이 더 커 보이며, 원지점을 통과할 때 작게 보인다. 달의 공전주기는 양력의 1년과 정확히 일치하지 않기 때문에 보름달이 가장 크게 보이는 달은 매년 다르다. 참고로, 보름달이 가장 클 때를 슈퍼문이라고 한다.
설날(새날)을 맞이하고 첫 번째 보름달이기에 대보름 즉, 큰 보름이라는 의미가 있다고 본다. 큰 형(맏형,大兄,중국식 표기), 큰 아버지, 큰 할아버지처럼 이 대(大)를 큰,맏이의 의미로 새해 첫 보름달로써 농사의 시작일을 의미하는 날로 볼 수 있겠다.
2014년 밸런타인 데이는 이 날과 겹쳐서 '보름타인데이', '부럼타인데이'라는 별명을 받았다.
《삼국유사》에 소지 마립간이 등장하는 병신갑 전설에 대한 정월 대보름 설화가 수록되어 있다.

같이 보기
음력설
쥐불놀이
부럼깨기
달집태우기
보름달
추석
한국의 명절

각주
참고 문헌
《한국세시풍속사전(봄편)》, 국립민속박물관, 2005
임동권, 《한국세시풍속연구》, 집문당, 1993
《중국대세시기 I, II》, 국립민속박물관, 2006
종름, 《형초세시기》, 중국 양나라
전여성, 《희조락사》, 중국 명나라
반영폐, 《대동세시기승》, 중국 청나라

외부 링크
 위키미디어 공용에 정월 대보름 관련 미디어 분류가 있습니다.
「대보름」, 《한국민족문화대사전》, 한국학중앙연구원
대보름 - 두산세계대백과사전",2025-04-01 18:33:23,nan,전통 문화 행사,2월 24일 (토),2월 12일 (수),3월 3일 (화),2월 21일 (일),정월 대보름에 달집태우기를 준비중인 풍물놀이 -남산 국립극장,nan,nan,nan,nan,nan
f34c55ab-3408-4eea-8583-1a3d388aaa51,영등날,nan,영등날,"영동할머니날, 이월할매 먹는 날, 이월밥 해먹는 날, 바람님 오는 날, 풍신날",한국,nan,음력 2월 1일,nan,영등굿,nan,"중화절, 머슴날",https://ko.wikipedia.org/wiki/%EC%98%81%EB%93%B1%EB%82%A0,영등날,"영등날(靈登日)은 한국의 명절로, 음력 2월 1일에 영등할머니가 내려온다는 날이다. 지역에 따라 영동할머니날, 이월할매 먹는 날, 이월밥 해먹는 날, 바람님 오는 날, 풍신날 등으로도 불린다. 한국에서는 이 날에 비가 오면 풍년, 바람이 불면 흉년이 든다고 믿는 풍습이 있다.","영등날(靈登日)은 한국의 명절로, 음력 2월 1일에 영등할머니가 내려온다는 날이다. 지역에 따라 영동할머니날, 이월할매 먹는 날, 이월밥 해먹는 날, 바람님 오는 날, 풍신날 등으로도 불린다. 한국에서는 이 날에 비가 오면 풍년, 바람이 불면 흉년이 든다고 믿는 풍습이 있다.

영등할머니
영등할머니는 음력 2월 계절풍을 인격화한 가신이다. 이월 초하루에 하늘에서 내려와 지상 가정에 머물다가 그달 15일이나 20일에 다시 올라간다. 절기는 경칩과 춘분 사이에 겨울에서 봄으로 바뀌는 환절기이며, 꽃샘추위가 간헐적으로 찾아와 날씨가 불안정하다.
2월에 찾아오는 계절풍을 관장하는, 바람을 통제하고 조정하는 풍신이다. 농사가 시작되는 시기에 풍년을 기약하는 농업의 신으로도 여겨진다.
불교에서 최고 천신을 뜻하는 제석을 붙여 영등제석, 제석할머니로 부르기도 한다.


== 각주 ==",2025-04-01 18:33:25,nan,nan,3월 10일 (일),2월 28일 (금),3월 19일 (목),3월 8일 (월),nan,nan,nan,nan,nan,nan
06eb9597-d0e1-4c28-9024-40511c360e0d,삼짇날,nan,nan,nan,nan,nan,nan,nan,nan,nan,nan,https://ko.wikipedia.org/wiki/%EC%82%BC%EC%A7%87%EB%82%A0,삼짇날,"삼짇날 또는 삼월 삼짇날, 상사(上巳), 중삼(重三)은 음력 삼월 초사흗날이다. 한국을 비롯한 동아시아의 명절이다. 이 날이 되면 강남 갔던 제비가 다시 돌아온다고 한다. 삼짇날에는 주로 화전(花煎)을 먹는 풍습이 있다.","삼짇날 또는 삼월 삼짇날, 상사(上巳), 중삼(重三)은 음력 삼월 초사흗날이다. 한국을 비롯한 동아시아의 명절이다. 이 날이 되면 강남 갔던 제비가 다시 돌아온다고 한다. 삼짇날에는 주로 화전(花煎)을 먹는 풍습이 있다.

삼월 삼짇날의 어원
음력 3월 3일을 삼월 삼짇날이라고 한다. 옛말에 '삼질'이라고도 하며, 한자로는 상사(上巳)·원 사(元巳)·중삼(重三)·상제(上除)·답청절(踏靑節)이라고도 쓴다. 삼짇날은 삼(三)의 양(陽)이 겹친다는 의미이다. 최남선에 의하면 삼질은 삼일의 자음(字音)에서 변질되어 파생된 것이며, 상사는 삼월의 첫 뱀날이라는 의미를 담고 있다고 한다.

삼월 삼짇날의 유래
삼짇날이 언제부터 유래하였는지 자세히 전하는 바는 없다. 최남선에 의하면 신라 이래로 이날 여러 가지 행사가 있었으며, 이 풍속은 조선으로 이어져 오고 있다고 한다. 또 옛사람들은 3월의 첫 뱀날[巳日]을 상사(上巳)라 하여 명일(名日)로 여겼으나, 그후 상사일이 들쭉날쭉함을 불편히 여겨 마침내 3월 3일로 정착되었다고 한다.

삼월 삼짇날의 풍속
삼짇날은 봄을 알리는 명절이다. 이날은 강남 갔던 제비가 돌아온다고 하며, 뱀이 동면에서 깨어나 나오기 시작하는 날이라고도 한다. 또한 나비나 새도 나타나기 시작하는데, 경북 지방에서는 이날 뱀을 보면 운수가 좋다고 하고, 또 흰나비를 보면 그해 상을 당하고 노랑나비를 보면 길하다고 한다. 이날 장을 담그면 맛이 좋다고 하며, 집안 수리를 한다. 아울러 농경제(農耕祭)를 행함으로써 풍년을 기원하기도 한다. 대표적인 풍속은 화전놀이이며, 사내 아이들은 물이 오른 버드나무 가지를 꺽어 피리를 만들어 불거나 풀을 뜯어 각시인형을 만들어 각시놀음을 즐기기도 했다.

삼월 삼짇날의 음식
이날 각 가정에서는 여러 가지 음식을 장만하여 시절음식을 즐긴다. 조선 후기에 간행된《동국세시기》에 의하면 이날 ""진달래꽃을 따다가 찹쌀가루에 반죽, 둥근 떡을 만들고, 또 그것을 화전(花煎)이라 한다. 또 진달래 꽃을 녹두 가루에 반죽하여 만들기도 한다. 혹은 녹두로 국수를 만들기도 한다. 혹은 녹두가루에 붉은색 물을 들여 그것을 꿀물에 띄운 것을 수면(水麵)이라고 하며 이것들은 시절음식으로 젯상에도 오른다.""라고 하여 화전과 국수를 시절음식으로 즐겼음을 알 수 있다. 이외에도 시절음식으로 흰떡을 하여 방울모양으로 만들어 속에 팥을 넣고, 떡에다 다섯가지 색깔을 들여, 다섯개를 이어서 구슬을 꿴 것같이 하는데, 작은 것은 다섯개씩이고, 큰 것은 세개씩으로 하는데, 이것을 산떡이라고 한다. 또 찹쌀과 송기와 쑥을 넣은 고리떡이 있다. 또한 이날에는 부드러운 쑥잎을 따서 찹쌀가루에 섞어 쪄서 떡을 만드는데, 이것을 쑥떡이라 한다. 보관됨 2018-03-04 - 웨이백 머신

같이 보기
히나마쓰리


== 각주 ==",2025-04-01 18:33:26,nan,nan,nan,nan,nan,nan,nan,N/A,nan,nan,nan,nan
18ac8249-29d8-4f89-b076-f930546219e3,단오,nan,nan,nan,nan,nan,nan,nan,nan,nan,nan,https://ko.wikipedia.org/wiki/%ED%95%9C%EA%B5%AD%EC%9D%98_%EB%8B%A8%EC%98%A4,한국의_단오,"수릿날 또는 단오(端午)는 한국 명절의 하나로, 음력 5월 5일이다. 무더운 한여름을 맞기 전 초하(初夏)의 절기이며, 모내기를 끝내고 풍년을 기원하는 기풍제를 지내는 때이기도 하다.
한국에서는 음력 5월 5일 단오와 관련된 전통적인 행사가 각 지방에서 열린다. 대한민국의 중요무형문화재 제13호로 지정되어 있는 강릉 단오제가 2005년 유네스코가 지정하는 세계무형유산 '인류구전 및 무형유산걸작'에 선정되었다.","수릿날 또는 단오(端午)는 한국 명절의 하나로, 음력 5월 5일이다. 무더운 한여름을 맞기 전 초하(初夏)의 절기이며, 모내기를 끝내고 풍년을 기원하는 기풍제를 지내는 때이기도 하다.
한국에서는 음력 5월 5일 단오와 관련된 전통적인 행사가 각 지방에서 열린다. 대한민국의 중요무형문화재 제13호로 지정되어 있는 강릉 단오제가 2005년 유네스코가 지정하는 세계무형유산 '인류구전 및 무형유산걸작'에 선정되었다.

명칭 및 시기
명칭
단오는 일명 '천중절(天中節)', '중오절(重午節)', '단양(端陽)', '오월절(五月節)'이라고도 한다.
수릿날이라고도 하는데, 이름의 유래에 대해 다음과 같은 설이 있다.

<열양세시기(洌陽勢時記)>에는 이날 밥을 수뢰(水瀨：물의 여울)에 던져 굴원을 제사지내는 풍속이 있으므로 '수릿날'이라고 부르게 되었다고 기록하고 있다. (술 마시는 날)
이날 산에서 자라는 수뢰취〔狗舌草〕라는 나물을 뜯어 떡을 한다. 또 쑥으로도 떡을 해서 먹는데 떡의 둥그런 모양이 마치 수레바퀴와 같아서 수리라는 이름이 붙게 되었다고 한다.
'술의날', 수릿날(戌衣日·水瀨日)이라고도 한다. 여기서 '술의'와 '수리'는 모두 수레를 뜻하는 것으로, 한국의 옛사람들이 농사를 지을 때 수레가 중요한 기구였음을 의미한다고 한다.
'수리'는 '신(神)'과 '높다(高)'는 뜻이 있어서, '높은 신이 오시는 날'의 뜻으로도 해석한다.
이 외에도, 각 지방마다 독특한 명칭이 있다.

단양수리 - 전라남도
며느리날 - 경상북도. 며느리가 친정을 찾아 하루종일 그네를 뛰며 놀 수 있는 날이라고 한다.
과부 시집가는 날 - 강릉
미나리 환갑날 - 경기도 동두천
소 군둘레 끼우는 날 - 강원도 삼척.

시기
예로부터 한국에서는 월과 일이 모두 홀수이면서 같은 숫자가 되는 날은 생기가 넘치므로 좋은 날이라 생각하여 대개 명절로 정하고 이날을 즐겨 왔다. 단오의 '단(端)'자는 첫 번째를 뜻하는 글자이며, '오(午)'는 다섯을 뜻하므로 단오는 '초닷새(음력 5월 5일)'를 칭한다. 아울러 이 시기는 파종이 끝나는 때와 맞물려, 새로 지은 한 해 농사가 잘 되기를 기원하는 날이기도 했다.

기원과 유래
한반도에 농경이 정착된 후부터 단오가 시작되었다고 추정된다. 삼한(三韓) 시대에 5월에 씨뿌리고 난 뒤 하늘에 제사지내던 풍습이 있었고 이를 수릿날이라 하였다. 삼국지와 후한서에 따르면 '삼한사람들은 5월이 되면 씨를 다 뿌리고 난 후 귀신에게 제사를 지낸다. 이때 사람들이 모여서 노래와 춤을 즐기며 술을 마시고 노는데 밤낮을 가리지 않는다. 그들의 춤은 수십 명이 모두 일어나 줄을 지어 뒤를 따르며 땅을 밟고 몸을 구부렸다가 치켰다 하면서 손과 발로 서로 장단을 맞춘다'고 하였다. 삼국유사에 따르면 단오를 수릿치날이라고 불렀다. 이로 인해 그네뛰기와 쑥으로 수릿치 절편(角)을 만들고, 조상제사를 지내는 풍속은 토착적인 것이라 할 수 있다. 단오라는 명칭과 이념은 중국에서 전해졌다. 그러나 구체적인 행사내용은 토착적인 것이 주류를 이루었다.
삼국 사람들은 이날 씨름과 택견을 하고 편을 나누어 활쏘기를 하였다. 또한 단오는 보릿고개를 넘기고 살아난 이들의 축제로 보리이삭을 거두는 시기에 맞추어 잔치를 벌였다.

풍속과 놀이
단오의 풍속 및 행사로는 창포에 머리감기, 쑥과 익모초뜯기, 부적만들어붙이기, 대추나무시집보내기, 단오비녀꽂기 등의 풍속과 함께 그네뛰기·씨름·활쏘기 같은 민속놀이들이 있다. 또한 궁중에서는 이날 제호탕·옥추단(玉樞丹)·애호(艾虎：쑥호랑이)·단오부채 등을 만들어 신하들에게 하사하였으며, 집단적인 민간행사로는 단오제·단오굿을 하기도 하였다. 민간에서는 이날 음식을 장만하여 창포가 무성한 못가나 물가에 가서 물맞이놀이를 하며, 창포이슬을 받아 화장수로도 사용하고, 창포를 삶아 창포탕(菖蒲湯)을 만들어 그 물로 머리를 감으면 머리카락이 소담하고 윤기가 있으며 빠지지 않는다고 한다. 몸에 이롭다 하여 창포 삶은 물을 먹기도 하였다. 또한 단오장(端午粧)이라 하여 창포뿌리를 잘라 비녀로 삼아 머리에 꽂기도 하였으며, 양쪽에 붉게 우연지를 바르거나 비녀에 수(壽)·복(福)자를 써서 복을 빌기도 하였다. 김해 풍속에 ""청년들이 좌우로 편을 갈라 석전(石戰)을 하였다""고도 하며, 금산 직지사(直指寺)에 모여서 씨름을 하거나 남산(南山)·북악산(北嶽山)의 각력(角力：씨름)에 대한 기록도 남아 있다. 그 밖에 경상북도 지방에서는 널뛰기·윷놀이·농악·화초놀이 등을 하였다. 궁중에서는 단옷날이 되면 내의원(內醫院)에서 옥추단과 제호탕을 만들어 바쳤다고 <동국세시기>에 기록되어 있다.

단오빔
한국에서는 설, 추석과 함께 단오에 연중 3회 신성 의상인 빔을 입는데, 단오에 입는 빔을 단오빔이라 한다.

단오제
조선 시대에는 군.현 단위로 단오제가 행하여졌는데, 그 중 '강릉 단오제'가 가장 유명하다.

창포물에 머리감기
창포의 잎과 뿌리를 우려낸 물에 머리를 감으면 머리카락이 잘 빠지지 않고, 윤기도 난다 하여, 단오날 창포물에 머리를 감던 풍속이다. 아울러 창포 뿌리를 잘라내어 붉게 물들여 그것으로 비녀를 만들어 단오날 부녀자가 질병을 물리치는 액땜으로 머리에 꽂는다.

단오선 선물하기
단오가 되면 곧 더위가 시작 하므로,임금이 시종들에게 부채를 하사했던 풍속이다. 그 부채의 종류는 승두선, 어두선, 사두선 합죽선 반죽선 외각선 내각선 등이 있다.

천중부적
단오날에는 나쁜 귀신을 쫓기 위해 부적을 만들어 붙였다. 이를 '단오부', '천중부적', '치우부적'이라고 한다.

익모초와 쑥 뜯기
익모초와 쑥을 말려두었다가 약으로 쓰기 위해 단오날 익모초와 쑥을 뜯는 풍속이다. 본래 익모초와 쑥은 한약방에서 많이 쓰이는 약초인데, 단오 무렵에 뜯은 익모초와 쑥이 약효가 많다는 데서 비롯된 풍속이다.

그네뛰기
그네뛰기는 동아줄이나 밧줄을 큰 나뭇가지에 매고 그네를 뛰는 것이다. 단오날에는 남녀노소를 막론하고 고운 옷을 입고 그네를 뛰었다. 외출이 어려웠던 부녀자들이 단오날만큼은 밖에 나와 그네 뛰는 것이 허용되었으므로, 여자들이 단오날 즐겨 하였다고 한다. 그네뛰기는 남쪽보다 북쪽 지방으로 갈수록 성했다. 그네뛰기는 원래 아시아의 북방의 민족들이 한식 때 몸놀림을 날쌔게 만들려고 하던 운동이다. 우리나라에서는 언제부터 그네뛰기를 하였는지 분명한 기록은 없으나 <송사(宋史)>에 보면 고려 현종 때 사신 곽원(郭元)의 말이라 하여 고려에서는 단오날 그네뛰기를 한다고 소개하고 있는 점으로 보아 고려 중엽에 이미 그네뛰기가 민간에 전해진 듯하다.

씨름
씨름은 상고시대로부터 전해져 내려오는 남자들의 대표적인 놀이로서, 소년이나 장정들이 넓고 평평한 백사장이나 마당에서 모여 서로 힘과 슬기를 겨루는 것이다. 서로 마주 보고 허리를 굽혀서 샅바를 잡아 상대방을 먼저 쓰러뜨리는 놀이이다. 먼저 땅에 쓰러지거나 손, 무릎이 땅에 닿으면 지게 된다. 상으로는 보통 황소를 주었다.

단오 음식
제호탕
제호탕(醍醐湯)이란 오매육(烏梅肉), 사인(砂仁), 백단향(白檀香), 초과(草果) 등을 곱게 가루 내어 꿀에 재워 끓였다가 냉수에 타서 마시는 청량음료를 말한다.
조선시대에 궁중에서 마시던 약이면서도 청량음료이기도 했다. 단오부터 그해 여름까지 내내 더위를 없애고 갈증을 해소시키기 위해 시원한 물에 타 마신다

수리취떡
수리취나 쑥을 짓이겨 멥쌀가루에 넣어 반죽하고,수레바퀴 모양의 떡살로 문양을 낸 절편이다

앵두화채와 앵두편
앵두는 오디, 산딸기, 체리 등과 함께 단오 제철 과실이다. 앵두와 체리는 피를 맑게 하고 위를 보호하는 기능이 있고 , 단오 무렵부터 더위에 시달려 떨어진 입맛을 다시 돋우는 역할을 한다.

같이 보기
단오
한국의 명절
조선민주주의인민공화국의 공휴일

참고 문헌
《한국세시풍속사전 - 여름편》, 국립민속박물관, 2005
임동권 저, 《한국세시풍속연구》, 집문당, 1985
강릉단오제 유네스코 인류구전 및 무형유산걸작 선정 - 문화재청 보도자료, 2005.11.25.
《우리가 정말 알아야 할 우리 음식 백가지 1》, 황혜성, 2005, ISBN 8932312915 


== 각주 ==",2025-04-01 18:33:28,nan,nan,nan,nan,nan,nan,nan,N/A,nan,nan,nan,nan
ce2f01f3-c6f5-46be-b953-43d4fd414680,유두,nan,유두(流頭),유두날,한국,nan,음력 6월 15일,nan,유두면 · 상화병 · 수단,nan,nan,https://ko.wikipedia.org/wiki/%EC%9C%A0%EB%91%90_(%EB%AA%85%EC%A0%88),유두_(명절),"유두(流頭)는 한국의 전통 세시풍속의 하나이다. 동류수두목욕의 약자로, 음력 6월 15일 동쪽으로 흐르는 맑은 개울물에 머리를 감고 목욕을 하였다. 동쪽으로 흐르는 물에 머리를 감아 빗은 다음 그 빗을 벼랑에 던져버리면 그 해의 액운을 없애준다고 믿었다.
유두에 대한 기록은 《동국이상국집》(東國李相國集), 《둔촌잡영》(遁村雜詠), 《목은집》(牧隱集) 등 고려, 조선 시대의 문집과 《동국세시기》(東國歲時記)에 두루 보이고 있다.","유두(流頭)는 한국의 전통 세시풍속의 하나이다. 동류수두목욕의 약자로, 음력 6월 15일 동쪽으로 흐르는 맑은 개울물에 머리를 감고 목욕을 하였다. 동쪽으로 흐르는 물에 머리를 감아 빗은 다음 그 빗을 벼랑에 던져버리면 그 해의 액운을 없애준다고 믿었다.
유두에 대한 기록은 《동국이상국집》(東國李相國集), 《둔촌잡영》(遁村雜詠), 《목은집》(牧隱集) 등 고려, 조선 시대의 문집과 《동국세시기》(東國歲時記)에 두루 보이고 있다.

개요
《신증동국여지승람》(新增東國輿地勝覽) 및 《대동운부군옥》(大東韻府群玉)에서는 고려 명종 때의 학자 김극기(金克己)의 문집을 인용해 “경주 풍속에, 6월 보름에 동쪽으로 흐르는 물에 머리를 감아 불길한 것을 씻어 버린다. 그리고 계음(禊飮)을 유두연(流頭宴)이라 한다.”라 하여 신라 시대의 풍속으로 설명하였다.
1년 열두 달의 풍속을 노래한 고려가요 《동동》에서도 ""六月ㅅ 보로매 아으 별해 바룐 빗 다호라/것거 바리신 後에 디니실 한 부니 업스샷다""(6월 보름에 벼랑에 버린 빗 같아라/꺾어 버려진 뒤로는 다시 주워 가질 사람이 없네)라는 구절이 있어, 고려 시대에는 이미 수릿날과 함께 보편적인 명절로 자리잡고 있었음을 알 수 있다.
《고려사》(高麗史)에는 유두음(流頭飮)에 대해 “명종 15년 6월 계축일(14일)에 왕이 봉은사에 행차하였다. 병인일(15일)에 시어사(侍御史) 두 사람이 환관 최동수(崔東秀)와 함께 광진사에 모여서 유두음을 하였다. 당시 우리 나라 풍속에는 6월 15일에 동쪽으로 흐르는 물에 씻는다

절식
유두면
상화병
수단",2025-04-01 18:33:29,nan,nan,7월 20일 (토),7월 9일 (수),7월 28일 (화),7월 18일 (일),nan,nan,nan,nan,nan,nan
7fc3915a-1816-4d86-af54-4d836fffd2d1,칠석,nan,칠석(七夕),nan,"한국, 중국, 대만, 일본","견우직녀 전설, 오작교",음력 7월 7일(양력 7월 7일),nan,nan,"백설기, 밀국수, 호박부침",nan,https://ko.wikipedia.org/wiki/%EC%B9%A0%EC%84%9D,칠석,"칠석(七夕)은 한국, 일본, 중국, 대만의 민간전설인 견우와 직녀 전설에서 견우와 직녀가 오작교를 건너서 1년에 한 번 만나는 날로, 칠석날로도 불린다. 한국, 중국, 대만은 음력 7월 7일이고, 일본은 양력으로 7월 7일이다.","칠석(七夕)은 한국, 일본, 중국, 대만의 민간전설인 견우와 직녀 전설에서 견우와 직녀가 오작교를 건너서 1년에 한 번 만나는 날로, 칠석날로도 불린다. 한국, 중국, 대만은 음력 7월 7일이고, 일본은 양력으로 7월 7일이다.

내용
이날은 은하수 동쪽에 있는 견우와 서쪽에 있는 직녀가 까마귀와 까치가 놓은 오작교(烏鵲橋)에서 1년에 한 번 만나는 날이라고 전하여진다. 이날 민간에서는 명절 음식으로 밀국수, 밀전병, 호박부침, 백설기 등을 만들어 먹었다. 처녀들은 견우와 직녀 두 별을 보고 절하며 바느질 솜씨가 늘기를 기원하고, 많은 사람이 이날 밤 견우와 직녀를 소재로 삼아 시를 짓기도 한다.

기원
‘칠석’의 명칭이 시경(詩經)에 처음 등장하여, 춘추전국시대 이전부터 존재했음을 알 수 있다. 견우직녀에 관한 전설은 한국, 중국, 일본 모두 비슷하다.

전설
옛날 하늘의 목동인 견우(牽牛)와 옥황상제의 손녀인 직녀(織女)가 서로 사랑에 빠져 일은 않고 게으름을 피우자, 화가 난 옥황상제는 그들 두 사람을 은하수 동쪽과 서쪽으로 갈라 놓았다. 두 남녀가 애타게 그리워하는 모습을 보다 못한 까치와 까마귀들이 매년 음력 7월 7일 밤(칠석)이 되면 옥황상제 몰래 하늘로 날아가 서로 머리를 맞대는 다리를 놓아 두 사람을 만나게 해 주었다. 그래서 까치와 까마귀는 모두 머리가 벗겨지고, 이날 저녁에 두사람이 만남을 기뻐하는 눈물이 비가 되어 내리며, 다음날에는 이별을 슬퍼하는 눈물이 비가 되어 내린다고 한다.
베트남의 견우와 직녀에서는 이야기가 조금 다르다. 직녀는 하늘의 공주로, 견우는 땅의 목동으로 나온다. 이들은 사랑에 빠졌는데 사실 무단 연애였고 신들은 매우 화가 나서 이들을 떼어놓고 1년에 한 번 음력 7월 7일에 은하수 다리에서 만나도록 허용했다.

한국의 칠석
평안남도 대안시 덕흥리의 5세기초 고구려 광개토왕 시대의 고분 안쪽 벽화에 견우와 직녀가 그려졌다.
여자들은 직녀성에 바느질 솜씨가 늘기를 빌었다.
아이들은 견우와 직녀를 소재로 시를 지었다.
옷과 책을 볕에 말린다.
칠석날 새벽에는 참외, 오이 등의 1년생 과일을 상에 놓고 절하며 솜씨가 늘기를 빈다.
북두칠성에 장수와 복을 빌기도 했다.
경상북도 영일에서는 바닷물이 약수가 된다고 여겨 멱을 감는다.
칠석날은 신이 내려와서 수확량을 정해준다고 여겨 아침 일찍 들에 나가지 않거나 집안에서 근신한다.
민간에서는 명절음식으로 밀국수·호박부침 등을 만들어 먹었다고 한다.

일본의 칠석
중국의 칠석
절식
밀국수
밀전병
호박부침
백설기

관련 문화
광한루 : 15세기에 남원 광한루에 칠석에서 유래한 오작교가 세워졌다. 춘향전에서는 춘향과 이몽룡이 사랑을 속삭이는 장소로 이 오작교가 등장하였다.광한루(廣寒樓)는 전라북도 남원시에 있는 누각이다. 1963년 1월 21일 대한민국의 보물 제281호로 지정되었다.
칠석의 여름 : 칠석 때 열리는 부관육상경기대회에서 만나는 일본인 여학생과 한국인 남학생의 이야기를 담은 영화
情人节 : 중국에서는 칠석을 연인의 날(情人节)로 정해 선물을 하거나 데이트를 하는 등 정인(연인)과 함께 보내는 날로 보내기도 한다

같이 보기
설날
단오
추석
견우직녀
베갈타 센다이
다비흐 또는 알타이르: 견우성
베가: 직녀성

참고자료
임동권, 《한국세시풍속연구》, 집문당, 1985

각주
외부 링크
민족문화추진회 - 12달세시풍속",2025-04-01 18:33:31,nan,nan,8월 10일 (토),8월 29일 (금),8월 19일 (수),8월 8일 (일),nan,nan,견우직녀가 만나는 그림 (베이징 여름궁전 회랑 천정),nan,nan,nan
43b8097b-c189-47b1-a36b-f2751546e968,백중날,nan,백중날,"백중, 백종, 망혼일, 중원",아시아,nan,음력 7월 15일,nan,nan,"벌초, 우란분회",오본,https://ko.wikipedia.org/wiki/%EB%B0%B1%EC%A4%91%EB%82%A0,백중날,"백중날, 백중(百中 또는 百衆)은 백종(百種), 망혼일(亡魂日), 중원(中元)이라고도 하며, 음력 7월 15일이다. 참고로, 중국에서는 음력 7월이 귀신의 달인 귀월이며 중국 남부지방에서는 음력 7월 14일이 백중이다.
이 무렵에 갖가지 과일과 채소가 많아 100가지 곡식의 씨앗을 갖추어 놓았다고 하여 생긴 이름이다. 또한 돌아가신 조상의 혼을 위로하기 위하여 음식·과일·술을 차려놓고 천신(薦新)을 하였으므로 '망혼일'이란 명칭으로 불리기도 하였다. 승려들은 이날 각 사찰에서 재(齋)를 올리며 농촌에서는 백중날을 전후하여 백중장(百中場)이라고 하는 장이 섰다. 머슴이 있는 집에서는 이날 하루를 쉬게 하였으며, 지방에 따라서는 차례를 지내고 산소를 찾아 벌초와 성묘를 한다. 백중날은 대부분 일손을 놓고 하루 쉬지만 제주도 지방에서는 오히려 바다에 나가 일을 많이 한다. 백중날에 살찐 해산물이 많이 잡힌다고 믿기 때문으로, 이날 잡힌 해산물을 가지고 한라산에 올라가 산신제를 지내기도 한다. 불교에서는 지옥과 아귀보를 받은 중생을 구제하는 우란분회(盂蘭盆會, 우라본)라는 법회를 연다.","백중날, 백중(百中 또는 百衆)은 백종(百種), 망혼일(亡魂日), 중원(中元)이라고도 하며, 음력 7월 15일이다. 참고로, 중국에서는 음력 7월이 귀신의 달인 귀월이며 중국 남부지방에서는 음력 7월 14일이 백중이다.
이 무렵에 갖가지 과일과 채소가 많아 100가지 곡식의 씨앗을 갖추어 놓았다고 하여 생긴 이름이다. 또한 돌아가신 조상의 혼을 위로하기 위하여 음식·과일·술을 차려놓고 천신(薦新)을 하였으므로 '망혼일'이란 명칭으로 불리기도 하였다. 승려들은 이날 각 사찰에서 재(齋)를 올리며 농촌에서는 백중날을 전후하여 백중장(百中場)이라고 하는 장이 섰다. 머슴이 있는 집에서는 이날 하루를 쉬게 하였으며, 지방에 따라서는 차례를 지내고 산소를 찾아 벌초와 성묘를 한다. 백중날은 대부분 일손을 놓고 하루 쉬지만 제주도 지방에서는 오히려 바다에 나가 일을 많이 한다. 백중날에 살찐 해산물이 많이 잡힌다고 믿기 때문으로, 이날 잡힌 해산물을 가지고 한라산에 올라가 산신제를 지내기도 한다. 불교에서는 지옥과 아귀보를 받은 중생을 구제하는 우란분회(盂蘭盆會, 우라본)라는 법회를 연다.

역사
불교가 융성했던 신라, 고려 시대에는 일반인까지 참석하여 백중을 대신해 우란분회를 열었으나, 조선 시대 이후로는 사찰에서만 행해져서 오늘날 대한민국에서는 그 풍습이 많이 소멸되었다. 반면 중국과 일본 그리고 베트남에서는 아직도 비교적 백중날을 성대하게 지내는 관습이 있다. 오늘날 일본에서는 음력을 쓰지 않아 오늘날에는 양력 8월 15일 경, 오본과 결합하여 제사를 지내고 절에 참배하는 사람이 많다. 중국에서는 악귀를 쫓는 제사를 크게 지내는데, 추석 한 달 전의 행사로 유명하며, 이는 서양에까지 소개되어 영어권에서도 “Ghost Festival” 등의 이름으로 차이나타운 등지에서 행해져 상당히 그 이름이 널리 알려져 있다.

같이 보기
오본
추석

각주
외부 링크
 위키미디어 공용에 백중날 관련 미디어 분류가 있습니다.",2025-04-01 18:33:32,nan,조상의 혼을 위로하는 제사,8월 18일 (일),9월 6일 (토),8월 27일 (목),8월 16일 (월),nan,nan,nan,홍콩 샤틴에 있는 Ghost King의 종이 조각상,nan,nan
bc8fe736-dee4-4e40-ba57-fd216e96f1c8,추석,nan,추석(秋夕),"한가위, 가배, 가배일, 중추, 중추절, 중추가절",한국,가을 추수 후 고향 방문,음력 8월 15일,nan,"강강술래, 씨름대회, 달맞이,  줄다리기, 농악, 소싸움","차례, 송편, 길쌈",설날,https://ko.wikipedia.org/wiki/%EC%B6%94%EC%84%9D,추석,"추석(秋夕, Chuseok)은 설날과 더불어 대표적인 한국의 명절로, 음력 8월 15일이다. 한가위라고도 불린다. 가을 저녁에 보름달 보며 소원을 비는 민족대명절이다. 한가위는 농경사회인 한국의 명절로 가배일(嘉俳日), 추수 전(조선시대 추수는 음력 9월) 덜 익은 쌀로 빚은 송편과 햇과일을 진설하고 조상들께 감사의 마음으로 차례를 지냈다. 한가위 명절에는 일가 친척이 고향에서 차례 지내고 성묘 가는 전통이 있다. 이 때문에 연휴에 국민들의 고향 방문으로 인해 고속도로가 정체되고 열차표가 매진되기도 하는데, 이를 '민족대이동'이라 한다. 
대한민국은 추석 명절 전날(음력 8월 14일)부터 다음 날(음력 8월 16일)까지 3일 동안 공휴일, 1985년까지는 추석 당일만 쉬며 추석 당일부터 다음 날까지 이틀간 쉬고 1989년부터 지금과 같은 방식의 연휴 적용, 2014년부터 개천절이나 일요일 등의 공휴일과 중복되면 이 다음으로 오는 첫 평일까지 공휴일이지만 개천절이나 일요일과 중복되면 추석 연휴가 하루 더 늘어난다.
추석에는 제기차기, 쥐불놀이, 강강술래 등의 놀이와 보름달 보며 소원 빌기가 옛날부터 전해지는 전통이다.","추석(秋夕, Chuseok)은 설날과 더불어 대표적인 한국의 명절로, 음력 8월 15일이다. 한가위라고도 불린다. 가을 저녁에 보름달 보며 소원을 비는 민족대명절이다. 한가위는 농경사회인 한국의 명절로 가배일(嘉俳日), 추수 전(조선시대 추수는 음력 9월) 덜 익은 쌀로 빚은 송편과 햇과일을 진설하고 조상들께 감사의 마음으로 차례를 지냈다. 한가위 명절에는 일가 친척이 고향에서 차례 지내고 성묘 가는 전통이 있다. 이 때문에 연휴에 국민들의 고향 방문으로 인해 고속도로가 정체되고 열차표가 매진되기도 하는데, 이를 '민족대이동'이라 한다. 
대한민국은 추석 명절 전날(음력 8월 14일)부터 다음 날(음력 8월 16일)까지 3일 동안 공휴일, 1985년까지는 추석 당일만 쉬며 추석 당일부터 다음 날까지 이틀간 쉬고 1989년부터 지금과 같은 방식의 연휴 적용, 2014년부터 개천절이나 일요일 등의 공휴일과 중복되면 이 다음으로 오는 첫 평일까지 공휴일이지만 개천절이나 일요일과 중복되면 추석 연휴가 하루 더 늘어난다.
추석에는 제기차기, 쥐불놀이, 강강술래 등의 놀이와 보름달 보며 소원 빌기가 옛날부터 전해지는 전통이다.

유래
'가을 저녁'이라는 원래의 뜻에 더해 수확, 발해 승리 축하하는 뜻을 더한다. 추석 명절이 언제부터 행해진 것인지는 정확하게 알 수 없지만 신라시대 때이미 있은 것으로 보아 삼국시대 이전에 시작되었을 것이라고 추측된다. '한'이란 '크다'라는 뜻이고 '가위'란 '가운데'를 나타내는데, '가위'란 신라 시대 여인들이 실을 짜는 길쌈을 '가배(嘉排)'라 부르다 말이 변한 것이다.
추석의 유래에는, 신라 제 3대 왕 유리 이사금 때 벌인 적마경기(績麻競技)에서 비롯하였다는 이야기가 있다. 《삼국사기》에는 다음과 같이 이야기가 기술돼 있다.

왕이 6부를 정하고 나서 이를 반씩 둘로 나누어 왕의 딸  두 사람으로 하여금 각각 부(部) 안의 여자들을 거느리고 무리 나누어 편을 짜서 가을 음력 7월 16일부터 매일 아침 일찍 큰 부(大部)의 뜰에 모여서 길쌈하도록 하여 오후 10시 경에 그치는데, 음력 8월 15일에 그 공적의 많고 적음을 헤아려 진 편은 술과 음식을 차려 이긴 편에게 사례하였다. 이에 노래와 춤과 온갖 놀이를 다 행하는데 그것을 가배(嘉俳)라 하였다. 이 때 진편에서 한 여자가 일어나 춤을 추며 탄식해 말하기를 ""회소 회소""라 하였는데, 그 소리가 슬프고도 아름답다며 후대 사람들이 그 소리를 따라서 노래 지어 회소곡이라 이름 하였다.

嘉俳의 당시 발음이 ‘가배’와 얼마나 일치하는지는 알 수 없지만, 이로부터 중세 한국어의 ‘ᄀᆞᄇᆡ’와 지금의 ‘(한)가위’라는 이름이 온 것으로 보인다. 또 다른 의견은 대략 10월 경에 벌어지는 동명제에서 비롯됐다는 이야기이다.

승전일에서 유래설
일본의 역사책 《일본서기》에 따르면, 신라가 삼국을 통일한 날을 승전일로 기념하여 즐겁게 보냈다 한다.
추석이라는 명절이 신라가 고구려를 멸망시킨 승전일에서 유래했다는 《입당구법순례행기》가 전하는 설명도 있다.

이와 관계하여 한국의 추석 한가위, 중국의 중추절의 관계성에 대한 논란 등에 논의들이 있다.

풍습
추석에는 한복을 입고 햅쌀로 빚은 송편과 햇과일·토란국 등 음식들을 장만하여 추수를

감사하는 차례를 지낸다. 또한 맛 있는 음식을 나누어 먹으며 즐거운 날을 보낸다. 일년 열두 달 365일 '더도 말고 덜도 말고 한가위만 같아라'라는 말도 났다. 곡식이 무르익는 결실의 계절로서, 가장 밝은 저녁 달 보며, 조상에 감사의 뜻으로 성묘 드리는 날이다.

추석 때는 갖 가지 행사, 놀이가 펼쳐지는데, 길쌈·강강술래·달맞이 등을 한다. 농악을 즐기는가 하면 마을 주민들끼리 편을 가르거나 타 마을과 줄다리기하기도 한다. 잔디밭이나 모래밭에서는 씨름판이 벌어지는데, 이긴 쪽은 장사(壯士)라 하여 소·쌀·광목 등을 상으로 준다. 전라남도 서해안 지방에서는 추석 달이 뜰 즈음 부녀자들이 공터에 모여 강강술래 하였으며, 닭싸움·소싸움도 즐기곤  하였다. 추석은 추수기 맞아 풍년을 기도하고, 조상의 은덕을 기리며 제사 지내는 한국 최대 명절로 햅쌀 술 빚기도 한다.

추석 제사의 종교별 의미와 풍속도
유교
유교의 핵심은 인간행위의 기본이자 모든 덕의 으뜸으로 삼고 있는 것은 '효' 사상이다. 유교에서 말하는 효의 근본 정신은 가장 귀한 생명을 조건 없이 주고 극진한 사랑과 은혜 베푼 부모와 선조에 감사하는 것이다. 효는 부모 생시 뿐 아니라 사후에도 상례(喪禮)와 제례(祭禮)를 통해 “죽은 이 섬기기를 살아 계실 때 섬기듯이 함(중용 19장)”이라는 정신으로 이어진다.
유교에서는 이 같이 조상에게 지극정성으로 드리는 제사 통해 '신령(神靈)이 흠향(歆饗: 기쁘게 받음)하게 되며 강복(降福: 하늘에서 복을 내리는 일)도 따르게 된다'고 믿는다.
유교 조상제사에는 사당제(祠堂祭), 이제(爾祭), 기제(忌祭) 등이 있는데 형식상 다소 차이는 있으나 대체로 4부분으로 구성돼 있다. 첫째 부분은 마음을 집중시키고 신령의 임재(臨齋)를 준비하는 단계로, 제사 전 마음을 모으는 제계(祭戒), 음식을 차려놓는 진설(陳設), 신령이 임재하게 하는 강신(降神) 등이 있다. 둘째 부분에선 효성의 상징적 표현인 제물을 드리면서 흠향을 간청한다. 여기에는 생시와 같이 정성스럽게 음식을 올리는 진찬(進饌)과 술을 바치는 헌작(獻爵) 등이 있다. 셋째 부분은 신령이 제사를 흠향하고 강복하는 의식이다. 신령이 흠향하도록 문을 닫는 합문(闔門)과 다시 들어가서 차나 숭늉을 드리는 헌다(獻茶)와 제물의 일부를 제주(祭主)에게 먹도록 하는 수작(受昨), 신령의 흠향이 끝났음을 알리는 이성(利成) 등이 있다. 마지막 넷째 부분은 신령에 드리는 의식을 끝내는 마무리 의식으로 작별인사를 올리는 사신(辭神)과 서로 축복하면서 제물을 나누어먹는 음복(飮福) 등이 있다.
유교의 모든 제사의식은 자손들이 죽은 이를 생시와 같이 정성껏 섬기려는 효성의 상징적 표현이며, 신령이 감사의 제사를 흠향하게 되면 하늘에서 자손들에게 복을 내려준다. 또, 신령한 복을 받은 후손의 자세는 “그 복을 혼자 점유하지 않고 친척들과 나누며 삶을 향나는 제물이 되게 함으로써 신령에 화답하는 것”이라고 가르치고 있다.

불교
추석 명절 아침 차례는 유교, 불교 의식에도 뿌리 두고 있다. 《백장청규(百丈淸規)》라는 책에는 차례의 뜻을 ‘한 솥에 끓인 차(茶)를 부처님께 바치고 공양드리는 자가 같이 마심으로써 부처와 중생이 하나 되고 또 절 안의 스님과 신자가 같은 솥에 끓인 차를 나누어 마시면서 이질 요소를 동질화시키는 일심동체 원융회통의 의례가 차례’라고 설명해 두고 있다.
불교식 명절 제사 법 전문가 태고종 열린 선원의 승려 법현은 “차례(茶禮)는 하늘과 조상에 차(茶)를 올리면서 드리는 예(豫)”라고 강조한다. 법현은 “신라 경덕왕 시절 충담스님이 부처님께 차를 올렸다는 기록을 비롯해 조상님 사당에 며느리가 차를 올리도록 한 고묘(告廟) 등 역사적 근거가 분명히 존재한다.”라면서 “특히 조선시대 유학자이자 사후에 이조판서에 추중된 한재 이목 선생 집안에서도 차를 올렸다는 기록과 그 후손들은 현재 숭늉 대신 차를 올려 제사를 지내고 있다”라고 말했다.
불교식 가정제사 기본 지침에 따르면 차례 상차림은 간소함을 원칙으로 하고 고기·생선류는 제외한다. 육법공양물에 해당하는 향·초·꽃·차·과실·밥을 올리고 국·3색나물·3색 과실을 갖춘다. 불교 제사는 꽃을 갖춤으로써 육법공양물을 완성하는 뜻이 있다. 불교에서 소개하는 가정제사 절차를 살펴보면 영가 모시기-부처님과 영가(靈駕, 조상 영혼) 모심, 제수 권하기, 불전 전하기(경전 또는 게송 독송), 축원(문) 올리기, 영가에게 편지 올리기(생략 무방), 영가 보내기, 제수 나누기로 제사를 마치고 나면 가족이 둘러앉아 음복(飮福)하며 조상을 기리고 서로 덕담 나눈다.
불교식 축원문에는 조상의 생전 삶을 간략히 되새기고 자손들의 화합과 모든 중생의 성불, 속히 부처의 나라가 이루어지길 바라는 마음 등이 담긴다.

천주교
1930년대까지 천주교는 돌아가신 조상 앞에서 절을 하고 섬기는 조상 제사를 미신 행위로 여겨서 제사 금지령을 내린 적이 있다. 이러한 조상 제사문제를 조선정부가 천주교를 무군무부 즉, 임금과 아버지가 없는 종교로 여겨 박해하는 결정적인 원인 중에 하나가 되기도 했고, 선교의 가장 큰 걸림돌이기도 했다. 그래서 천주교 순교자이자 평신도 신학자인 정하상(바오로)은 1839년 기해박해로 순교하기 전에, 천주교 교리를 논증하기 위해 쓴 글에서 천주교 신자들이 제사를 거부하는 이유를 설명하였다.
선조들을 공경하는 민족적 풍습인 제사가 과연 교리에 어긋나는지 의문이 일어나자 교황 비오 12세는 1939년에 “제사 의식은 그 나라 민속일 뿐, 교리와는 하등의 관계가 없다.”라는 훈령을 내려 제사에 관한 교리를 정리하였다. 이 때부터 천주교는 제사를 조상에 대한 효성과 존경을 표현하는 민속적 예식으로 인식하고 제사를 허용하고 있다.
천주교 명절 미사는 가톨릭 전례와 한국인의 전통 제례가 합쳐진 모습을 보여준다. 설이나 한가위 등의 명절에는 본당 공동체가 미사 전이나 후에 하느님에 대한 감사와 조상에게 대한 효성, 추모의 공동 의식을 하는 것이 바람직하다고 알려준다. 천주교는 명절이나 탈상, 기일 등 특별한 날에는 가정의 제례보다는 위령미사를 우선해 봉헌하도록 하고 있다. 2003년 한국 천주교 주교회의가 펴낸 《상장 예식》에 따르면 차례상에는 촛불 두 개와 꽃을 꽂아 놓으며 향을 피워도 된다. 벽에는 십자고상을 걸고 그 밑에 조상의 사진을 모신다. 사진이 없으면 이름을 정성스럽게 써 붙인다. 다만 위패에 신위(神位)라는 글자를 적어서는 안 된다. 이어 성호를 긋고 성가 부르고 성경 구절을 선택하여 읽기, 가장의 말씀, 부모·자녀·가정·부부 위한 기도 등을 거쳐 차례 음식을 음복하고 성호 긋는 것으로 차례 마친다. 또한, 한국 천주교는 설과 한가위를 이동 축일로 제정, 고유 책읽기 고유 감사송을 곁들인 명절미사로 거행하도록 정하고 있다.
천지신명께 고하는 축문(祝文), 영혼이 제물을 받도록 병풍을 가리고 문 밖에 나가는 합문(闔門), 상집에서 죽은 이의 혼을 부를 때 저승에서 온 사자를 먹인다는 사자(使者)밥을 차리는 것 등은 천주교에서 미신으로 규정하고 금지하는 사항이다.

조선민주주의인민공화국(북한)의 추석
북한도 대한민국과 마찬가지로 추석을 명절로 하고 있지만, 3일 연휴인 설날과 달리 추석은 당일 하루만 공휴일로 한다.
1967년 5월, 봉건 잔재를 일소하라는 김일성 주석의 지시에 따라 음력설을 비롯한 민속명절을 공식 금지하였지만 1972년부터 추석 명절에 한해서 성묘 등이 일부 허용됐다. 이후 김정일 국방위원장의 조선민족제일주의 주창에 의해 1988년 추석 명절 시작으로 음력설, 단오 등을 민속명절로 부활, 休日로 지정하였고, 2003년부터 양력설 대신 음력설을 기본 설 명절로 쇠게 하고 共休日로 지정하였다. 북한은 양력설, 태양절·광명성절, 국제노동자절, 정권 창건일, 당 창건기념일 등을 국가명절을 더 중요하게 여기고, 설날과 추석, 단오 등은 민족 명절은 더 중요하게 여기지 않는다.
주민들은 집에서 따로 차례 지내지 않고, 차례 음식을 준비하여 성묘 간다. 추석 음식상의 풍요 정도는 남북 간 차이 크지만, 여자들이 주방 일을 하고 남자들은 친척 등 손님과 음식을 먹으며 이야기 나누는 세태는 여전한 듯 하다. 추석 명절 민속놀이로는 농악 등이 곳곳에서 진행하지만, 주로 기관과 단체에 의해 조직된 행사로 자발적 참여율은 낮다.

기타
일반적으로 정월 대보름이나 추석 보름달이 가장 크다고 생각하지만, 실제로는 그렇지 않다. 지구를 기준으로 태양과 달이 정반대편에 일직선으로 위치할 때 보름달을 볼 수 있으며, 타원궤도를 도는 달이 근지점을 통과할 때 달이 더 커 보이며, 원지점을 통과할 때 작게 보인다. 달의 공전주기는 양력의 1년과 정확히 일치하지 않기 때문에 보름달이 가장 크게 보이는 달은 매년 다르다. 참고로, 보름달이 가장 클 때를 슈퍼문이라고 한다.
1520년에는 율리우스력을 사용했기 때문에 추석을 양력으로 환산했을 때의 날짜가 8월 27일이었으나 현재의 역법으로는 추석이 양력 8월에 오는 것은 먼 미래에 추분이 9월 15일 이전에 오지 않는 이상 절대로 불가능하다.

같이 보기
설
정월 대보름
단오
추수감사절
명절 증후군
추분 (한국의 추석은 음력 8월 15일로서, 양력 9월 7일~10월 8일 사이에 온다. 즉, 추분 (양력 9월 22일 경) 전후 ±15일이다.)
나팔절 (이스라엘 나팔절(로쉬 하샤나)은 히브리력/유대력 디스리 월 1일 (1월 1일) 로서, 양력 9월 5일~10월 5일 사이에 온다. 즉, 추분 (양력 9월 22일 경) 전후 ±15일이다.)

각주
참고 문헌
임동권, 《한국세시풍속연구》, 집문당, 1985년
김영조, 한가위 보름달을 어려운 이웃과 함께, 《오마이뉴스》, 2004.9.26.
추석 - 한국의 추수감사절, 추석

외부 링크

추석 - 두산세계대백과사전",2025-04-01 18:33:34,nan,한국의 전통 명절,9월 17일 (화),10월 6일 (월),9월 25일 (금),9월 15일 (수),nan,nan,nan,nan,조상에게 드리는 차례 - 한국,nan
c832e031-31c5-4011-929b-a4ed3cb7a411,중양절,nan,중양절(重陽節),nan,"중국 , 일본 , 베트남 , 한국 , 대만",양수(陽數)가 겹치는 날,음력 9월 9일,nan,nan,"국화주, 국화전, 화채",nan,https://ko.wikipedia.org/wiki/%EC%A4%91%EC%96%91%EC%A0%88,중양절,"중양절(重陽節)은 한국, 중국, 베트남, 일본, 대만등 동아시아 지역에서 매년 음력 9월 9일에 지내는 세시 명절로, 산에 올라가 국화로 만들어진 술을 마시며 시를 읊거나 산수를 즐기기도 하였다. 또한 가정마다 화채를 만들어 먹고 국화전을 부쳐 먹기도 하였다.
음양의 철학에서는 홀수는 양수(陽水)이며, 양수의 9의 극(極)이 겹쳐지는 날이기 때문에, '중양(陽陽)' 이라고 불린다. 홀수가 있는 달과 날이 겹쳐지는 것은 양기가 너무 강해 불길한것으로 여겨져 그에 대한 대가를 치르기위한 행사로서 축제를 열었지만, 아홉 달은 한 자릿수 중 가장 큰 '양'을 가지고 있었고, 특히나 부담스러운 축제로서 여겨졌다.
그러나, 이후에 태양이 겹쳐진다는 개념이 길조로 바뀌어 축하 행사가 되었다.","중양절(重陽節)은 한국, 중국, 베트남, 일본, 대만등 동아시아 지역에서 매년 음력 9월 9일에 지내는 세시 명절로, 산에 올라가 국화로 만들어진 술을 마시며 시를 읊거나 산수를 즐기기도 하였다. 또한 가정마다 화채를 만들어 먹고 국화전을 부쳐 먹기도 하였다.
음양의 철학에서는 홀수는 양수(陽水)이며, 양수의 9의 극(極)이 겹쳐지는 날이기 때문에, '중양(陽陽)' 이라고 불린다. 홀수가 있는 달과 날이 겹쳐지는 것은 양기가 너무 강해 불길한것으로 여겨져 그에 대한 대가를 치르기위한 행사로서 축제를 열었지만, 아홉 달은 한 자릿수 중 가장 큰 '양'을 가지고 있었고, 특히나 부담스러운 축제로서 여겨졌다.
그러나, 이후에 태양이 겹쳐진다는 개념이 길조로 바뀌어 축하 행사가 되었다.

한국에서의 중양절
한국에서는 신라시대부터 군신이 모여 연례행사의 하나로서 시가를 즐기었고, 고려시대에는 국가적 향연으로 정례화 되었다.
또한, 조선시대에도 음양의 철학에 따라 홀수인 양의 날이 겹쳐지는 날에는 복이 들어온다고 하여 음력 1월 1일, 5월 단오(5일), 7월 칠석(7일) 등을 명절로서 지내왔습니다.
이날 제비들은 따뜻한 강남을 향해 떠나고 뱀과 개구리는 겨울잠을 자기 위해 땅속으로 들어가는 날로서 여기기도 합니다.

일본에서의 중양절
일본에서는 헤이안 시대부터 국화로 만들어진 술인 기쿠사케를 마시는 풍습이 있다.

또한 에도시대에 퍼진 마쓰오 바쇼가 남긴 두문장이 일본에서는 유명하다.

잔디 문, 해질녘 , 국화주
야마나카와 국화의 뜨거운 물냄새 (산속 온천을 찬양하며)
교호의 달력의 시를 포함해 봄에 장식한 히나 마츠리 인형을 다시 한 번, 이날에 장식하는 풍습이 투영되어, ""가을의 히나마쓰리""라고도 불려오고 있다.

중국에서의 중양절
중국에서는 위나라 웬황제(조비)가  '예문유취'에서 종요에게 국화꽃을 선물했다.등의 여러가지 기록을 통해 중국에서는 여러가지로 기념해왔다는 것을 알수있다. 
중양절이 중국의 공식적인 축제로서 인정된것은 한나라 때 부터였다. 유흠의 ""서경잡기""의 기록에서  고제의 첩인 척부인을 살해 한후 황실에서 추방된 하녀 지아 펠란은 사람들에게 술을 마시고 장수를 기원하는 전통이 있다고 말했고, 그것이 민간에서 축하하는 것으로 이어졌다고 전해지고 있다.
당나라에서는 중양절을 2~3일간 기념했다. 이는 이백의 '9.10 즉박사건'에서 볼수 있다.
2012년 6월 26일, 전국인민대표대회 제11기 상무위원회 제27차 회의에서 중화인민공화국 노인의 권익 보호에 관한 법률의 개정안에서 처음으로 심의 되었다. 그 결과 시행된 노인의 권익 보호에 관한 법률에서 중양절이 '노인의 날'로서 지정되었다.

유래
옛날 중국의 어느 마을에 신통력을 지닌 장방이란 사람이 살았다. 어느날 장방이 환경이란 사람을 찾아와 “9월 9일 이 마을에 큰 재앙이 닥칠 것이니 식구들 모두 주머니에 수유꽃을 넣었다가 팔에 걸고 산꼭대기로 올라가라”고 하였다. 환경이 장방의 말대로 식구들을 데리고 산에 올라가 국화주를 마시며 놀다가 이튿날 집에 내려와 보니 집안의 모든 가축들이 죽어 있었다. 그후부터 중양절이 되면 산에 올라가는 풍습이 생겼다고 한다.

같이 보기
청명절 (중국)

각주


== 참고 문헌 ==",2025-04-01 18:33:35,nan,세시 명절,10월 11일 (금),10월 29일 (수),10월 19일 (월),10월 8일 (금),nan,nan,nan,nan,nan,nan
e74649eb-377b-473f-8881-640c84ff3759,동지,nan,동지(冬至),작은설,nan,nan,매년 12월 22일경,nan,nan,"팥죽 먹기, 귀신 쫓기",nan,https://ko.wikipedia.org/wiki/%EB%8F%99%EC%A7%80,동지,"동지(冬至)는 24절기 중 스물두 번째 절기로서, 태양 황경이 270도가 되는 때이다. 대개 팥죽을 먹는다. 양력에서는 12월 21일 또는 22일이며, 음력에서는 동지가 드는 달을 11월(동짓달)로 한다. 대설(大雪)과 소한(小寒) 사이에 들며, 태양이 남회귀선, 곧 적도 이남 23.5°인 동지선(冬至線)에 이르는 때이다. 이때 태양은 가장 남쪽에 위치하는데, 대한민국, 독일 등과 같은 북반구에서는 낮의 길이가 가장 짧고 밤이 가장 길며, 남반구에서는 낮의 길이가 가장 길고 밤이 가장 짧다. 추위는 대략 이 무렵부터 강력해지기 시작한다.
동지는 겨울의 중간 지점이자 1년 중 가장 추운 날로 여겨지지만, 이는 사실이 아니다. 먼저, 이때는 지구 북반구에서는 겨울이지만, 남반구에서는 여름이므로, 지구 전체적으로 동일한 의미로 사용하려면, 12월 지점이라고 표현하는 것이 맞다. 동지는 북반구에서 1년 중 태양의 고도, 즉 남중고도가 가장 낮은 날일 뿐, 1년 중 기온(온도)이 가장 낮은 날이 아니다. 대한민국에서 24절기 중 기온(온도)이 가장 낮은 날은 소한이다.","동지(冬至)는 24절기 중 스물두 번째 절기로서, 태양 황경이 270도가 되는 때이다. 대개 팥죽을 먹는다. 양력에서는 12월 21일 또는 22일이며, 음력에서는 동지가 드는 달을 11월(동짓달)로 한다. 대설(大雪)과 소한(小寒) 사이에 들며, 태양이 남회귀선, 곧 적도 이남 23.5°인 동지선(冬至線)에 이르는 때이다. 이때 태양은 가장 남쪽에 위치하는데, 대한민국, 독일 등과 같은 북반구에서는 낮의 길이가 가장 짧고 밤이 가장 길며, 남반구에서는 낮의 길이가 가장 길고 밤이 가장 짧다. 추위는 대략 이 무렵부터 강력해지기 시작한다.
동지는 겨울의 중간 지점이자 1년 중 가장 추운 날로 여겨지지만, 이는 사실이 아니다. 먼저, 이때는 지구 북반구에서는 겨울이지만, 남반구에서는 여름이므로, 지구 전체적으로 동일한 의미로 사용하려면, 12월 지점이라고 표현하는 것이 맞다. 동지는 북반구에서 1년 중 태양의 고도, 즉 남중고도가 가장 낮은 날일 뿐, 1년 중 기온(온도)이 가장 낮은 날이 아니다. 대한민국에서 24절기 중 기온(온도)이 가장 낮은 날은 소한이다.

일출과 일몰
지역에 따른 2013년 동지의 일출과 일몰 시각은 다음과 같다.

기후
동지 때 지구의 북반구는 완연한 겨울이 된다. 이는 태양의 고도가 낮아짐에 따라 태양의 복사 에너지가 작아지기 때문이다. 북위 37도인 지역(서울, 강릉 등)에서 하지의 태양 복사 에너지를 100%라 한다면 동지에는 49% 정도이다.

관련 풍습
동지(冬至)를 기점으로 하여 점차 낮의 길이가 길어지므로 많은 곳에서 축제일, 또는 1년의 시작일로 삼았다.

한국의 풍습
동지는 반드시 음력 11월에 들어서 음력 11월을 동짓달이라 불렀다. 또한 동지를 작은설로 부르며 크게 축하했다. 민간에서는 동지에, 설날 떡국을 먹으면 나이를 한 살 더 먹는 것처럼, 동짓날 팥죽을 먹으면 한 살 더 먹는다고 한다. 이것은 옛날에 동지 (옛날 서당은 이 날에 입학하였다.)를 정월(正月)로 삼은 풍속에 따른 것이었다. 한국에서는 다음과 같은 풍습이 전해진다.

동지 팥죽 - 동지 때 쑤어 먹는 팥죽. 새알심을 넣어 쑨다. 옛날에는 동지를 큰 명절로 지냈으나 요즘은 제사를 모시지 않고 붉은팥죽을 쑤어 나누어 먹는다. 붉은팥죽은 옛날부터 액운을 막는 절기 음식으로서, 지방에 따라서는 초상 때나 이사를 하였을 때에 액운을 막기 위해 팥죽을 쑤어 집 안팎에 뿌리고, 이웃끼리 나누어 먹는 풍습이 있다.
동지가 동짓달(음력 11월) 초승에 드는 “애동지”에는 어린이에게 좋지 않은 일이 생긴다고 하여 팥죽을 쑤어 먹지 않고 대신 팥 시루떡을 해 먹었다.
팥죽을 쑤어 조상에 제사를 지내기도 한다.
동짓날 날씨로 새해의 농사를 점친다.
달력을 선물로 보낸다.
서당의 입학 날짜는 대개 동짓날이었다. 이는 동지 이후로 낮의 기운이 점점 커지므로 아이들이 학문을 깨우쳐 밝게 커 가기를 바라는 마음에서 서당의 입학식을 동지에 한 것이다.

종류
애동지
애동지는 음력 11월 10일까지 드는 동지로 아기동지, 오동지라고도 부른다. 윤달이 들어 있는 2006년과 2009년, 2012년, 2014년, 2017년, 2020년, 2023년 등이 애동지다. 애동지에는 팥죽 대신 팥시루떡, 시루팥떡을 해 먹는다.

중동지
중동지는 음력 동짓달 중순(음력 11월 11일 ~ 11월 20일) 사이에 드는 동지이다.

노동지
노동지는 음력 11월 21일 이후로 드는 동지를 뜻한다.

실제 날짜
1945년 12월 22일 (음력 11월 18일) : 중동지
1946년 12월 22일 (음력 11월 29일) : 노동지 (말일)
1947년 12월 23일 (음력 11월 12일) : 중동지
1948년 12월 22일 (음력 11월 22일) : 노동지
1949년 12월 22일 (음력 11월 3일) : 애동지
1950년 12월 22일 (음력 11월 14일) : 중동지
1951년 12월 23일 (음력 11월 25일) : 노동지
1952년 12월 22일 (음력 11월 6일) : 애동지
1953년 12월 22일 (음력 11월 17일) : 중동지
1954년 12월 22일 (음력 11월 28일) : 노동지
1955년 12월 23일 (음력 11월 10일) : 애동지
1956년 12월 22일 (음력 11월 21일) : 노동지
1957년 12월 22일 (음력 11월 2일) : 애동지
1958년 12월 22일 (음력 11월 12일) : 중동지
1959년 12월 23일 (음력 11월 24일) : 노동지
1960년 12월 22일 (음력 11월 5일) : 애동지
1961년 12월 22일 (음력 11월 15일) : 중동지
1962년 12월 22일 (음력 11월 26일) : 노동지
1963년 12월 23일 (음력 11월 8일) : 애동지
1964년 12월 22일 (음력 11월 19일) : 중동지
1965년 12월 22일 (음력 11월 30일) : 노동지 (말일)
1966년 12월 22일 (음력 11월 11일) : 중동지
1967년 12월 23일 (음력 11월 22일) : 노동지
1968년 12월 22일 (음력 11월 3일) : 애동지
1969년 12월 22일 (음력 11월 14일) : 중동지
1970년 12월 22일 (음력 11월 24일) : 노동지
1971년 12월 23일 (음력 11월 6일) : 애동지
1972년 12월 22일 (음력 11월 17일) : 중동지
1973년 12월 22일 (음력 11월 28일) : 노동지
1974년 12월 22일 (음력 11월 9일) : 애동지
1975년 12월 23일 (음력 11월 21일) : 중동지
1976년 12월 22일 (음력 11월 2일) : 애동지
1977년 12월 22일 (음력 11월 12일) : 중동지
1978년 12월 22일 (음력 11월 23일) : 노동지
1979년 12월 23일 (음력 11월 5일) : 애동지
1980년 12월 22일 (음력 11월 16일) : 중동지
1981년 12월 22일 (음력 11월 27일) : 노동지
1982년 12월 22일 (음력 11월 8일) : 애동지
1983년 12월 22일 (음력 11월 19일) : 중동지
1984년 12월 22일 (음력 11월 1일) : 애동지 (삭단동지)
1985년 12월 22일 (음력 11월 11일) : 중동지
1986년 12월 22일 (음력 11월 21일) : 노동지
1987년 12월 22일 (음력 11월 2일) : 애동지
1988년 12월 22일 (음력 11월 14일) : 중동지
1989년 12월 22일 (음력 11월 25일) : 노동지
1990년 12월 22일 (음력 11월 6일) : 애동지
1991년 12월 22일 (음력 11월 17일) : 중동지
1992년 12월 21일 (음력 11월 28일) : 노동지
1993년 12월 22일 (음력 11월 10일) : 애동지
1994년 12월 22일 (음력 11월 20일) : 중동지
1995년 12월 22일 (음력 11월 1일) : 애동지 (삭단동지)
1996년 12월 21일 (음력 11월 11일) : 중동지
1997년 12월 22일 (음력 11월 23일) : 노동지
1998년 12월 22일 (음력 11월 4일) : 애동지
1999년 12월 22일 (음력 11월 15일) : 중동지
2000년 12월 21일 (음력 11월 26일) : 노동지
2001년 12월 22일 (음력 11월 8일) : 애동지
2002년 12월 22일 (음력 11월 19일) : 중동지
2003년 12월 22일 (음력 11월 29일) : 노동지 (말일)
2004년 12월 21일 (음력 11월 10일) : 애동지
2005년 12월 22일 (음력 11월 21일) : 노동지
2006년 12월 22일 (음력 11월 3일) : 애동지
2007년 12월 22일 (음력 11월 13일) : 중동지
2008년 12월 21일 (음력 11월 24일) : 노동지
2009년 12월 22일 (음력 11월 7일) : 애동지
2010년 12월 22일 (음력 11월 17일) : 중동지
2011년 12월 22일 (음력 11월 28일) : 노동지
2012년 12월 21일 (음력 11월 9일) : 애동지
2013년 12월 22일 (음력 11월 20일) : 중동지
2014년 12월 22일 (음력 11월 1일) : 애동지 (삭단동지)
2015년 12월 22일 (음력 11월 12일) : 중동지
2016년 12월 21일 (음력 11월 23일) : 노동지
2017년 12월 22일 (음력 11월 5일) : 애동지
2018년 12월 22일 (음력 11월 16일) : 중동지
2019년 12월 22일 (음력 11월 26일) : 노동지
2020년 12월 21일 (음력 11월 7일) : 애동지
2021년 12월 22일 (음력 11월 19일) : 중동지
2022년 12월 22일 (음력 11월 29일) : 노동지 (말일)
2023년 12월 22일 (음력 11월 10일) : 애동지
2024년 12월 21일 (음력 11월 21일) : 노동지
2025년 12월 22일 (음력 11월 3일) : 애동지
2026년 12월 22일 (음력 11월 14일) : 중동지
2027년 12월 22일 (음력 11월 25일) : 노동지
2028년 12월 21일 (음력 11월 6일) : 애동지
2029년 12월 22일 (음력 11월 18일) : 중동지
2030년 12월 22일 (음력 11월 28일) : 노동지
2031년 12월 22일 (음력 11월 9일) : 애동지
2032년 12월 21일 (음력 11월 19일) : 중동지
2033년 12월 22일 (음력 12월 1일) : 노동지 (말일)
2034년 12월 22일 (음력 11월 12일) : 중동지
2035년 12월 22일 (음력 11월 23일) : 노동지
2036년 12월 21일 (음력 11월 4일) : 애동지
2037년 12월 22일 (음력 11월 16일) : 중동지
2038년 12월 22일 (음력 11월 27일) : 노동지
2039년 12월 22일 (음력 11월 7일) : 애동지
2040년 12월 21일 (음력 11월 18일) : 중동지
2041년 12월 22일 (음력 11월 29일) : 노동지
2042년 12월 22일 (음력 11월 11일) : 중동지
2043년 12월 22일 (음력 11월 22일) : 노동지
2044년 12월 21일 (음력 11월 3일) : 애동지
2045년 12월 22일 (음력 11월 15일) : 중동지
2046년 12월 22일 (음력 11월 25일) : 노동지
2047년 12월 22일 (음력 11월 6일) : 애동지
2048년 12월 21일 (음력 11월 16일) : 중동지
2049년 12월 22일 (음력 11월 28일) : 노동지
2050년 12월 22일 (음력 11월 9일) : 애동지
2051년 12월 22일 (음력 11월 20일) : 중동지
2052년 12월 21일 (음력 11월 1일) : 애동지 (삭단동지)
2053년 12월 22일 (음력 11월 13일) : 중동지

기타
천문학적으로는 춘분, 하지, 추분, 동지 등 4개만 큰 의미가 있을 뿐, 나머지 20개는 특별한 명칭과 의미가 없다. 더 정확하게 말하면, 천문학에서는 춘분점, 하지점, 추분점, 동지점 등 4개만 있고, 나머지 20개에 대응하는 명칭이나 용어가 없다.
또한, 춘분, 하지, 추분, 동지 등 4개는 기상현상이 아니라 천문현상으로서, 이들 4개는 기후변화와 관계없다.

각주
같이 보기
동지점
분점 (춘분점, 추분점)
지점 (하지점, 동지점)
춘분, 하지, 추분, 동지
적경 (24절기에 따른 태양의 적경 참고)
춘분, 하지, 추분, 동지 등 4개만 태양의 적경과 황경이 일치하고, 나머지 20개는 일치하지 않음.
적위 (24절기에 따른 태양의 적위, 태양의 위치, 낮의 길이 (일출~일몰), 낮의 비율 참고)
춘분 (또는 춘분점) (태양의 적위 0°, 태양의 위치 적도, 하루 24시간 중 낮이 차지하는 비율 약 50%)
하지 (또는 하지점) (태양의 적위 +23.4°, 태양의 위치 북회귀선, 하루 24시간 중 낮이 차지하는 비율 약 60%)
추분 (또는 추분점) (태양의 적위 0°, 태양의 위치 적도, 하루 24시간 중 낮이 차지하는 비율 약 50%)
동지 (또는 동지점) (태양의 적위 -23.4°, 태양의 위치 남회귀선, 하루 24시간 중 낮이 차지하는 비율 약 40%)
백야
동지 (또는 동지점) (태양의 적위가 -23.4° 인 경우) 때, 남위 48.5° 이상인 지역에서 백야 현상이 발생함.
극야
동지 (또는 동지점) (태양의 적위가 -23.4° 인 경우) 때, 북위 66.5° 이상인 지역에서 극야 현상이 발생함.
겨울
새해
양력설
음력설
입춘
춘분
얄다
성녀 루치아 축일

참고 문헌 및 링크
동지점 (한국천문학회 천문학백과)
동지점 (한국천문학회 위키천문백과사전)
「동지」, 《한국민족문화대백과》, 한국학중앙연구원
〈동지〉, 《글로벌세계대백과사전》
지점 (한국천문학회 천문학백과)
지점 (한국천문학회 위키천문백과사전)
한국천문연구원 천문우주지식정보 → 생활천문관 → 월별 천문현상 에서는 춘분, 하지, 추분, 동지 등 4개만 절입시각이 표기돼 있고, 나머지 20개의 절입시각은 표기돼 있지 않다. (이는 한국천문연구원에서 매년 11월쯤에 발행하는 역서, 천문력(벽걸이용, 탁상용)을 통해서도 확인할 수 있다. 그리고 역서, 천문력(벽걸이용, 탁상용)은 구매하여 이용할 수 있다. (무료 아님)) 단, 한국천문연구원 천문우주지식정보 → 생활천문관 → 달력자료(월력요항) → 달력자료 에서는 나머지 20개의 절입시각도 확인할 수 있다.",2025-04-01 18:33:37,nan,한국 등 세계 각국의 전통 명절,nan,nan,nan,nan,nan,nan,nan,nan,nan,nan
781036c3-be6a-4130-8ca9-1ebf2e8793fc,섣달그믐,nan,nan,nan,nan,nan,nan,nan,nan,nan,nan,https://ko.wikipedia.org/wiki/%EC%84%A3%EB%8B%AC%EA%B7%B8%EB%AF%90,섣달그믐,"섣달그믐은 음력 12월의 마지막 날로, 음력 12월 30일 또는 음력 12월 29일이다. 동아시아에서는 음력으로 한 해의 마지막 날을 기려 나라마다 각각의 고유한 풍속을 가지고 있다.
대한민국에서는 음력 12월의 명절로, 대회(大晦)라고도 하며, 설(음력 1월 1일) 전날이다. 섣달그믐의 밤은 제야(除夜) 또는 제석(除夕)이라고 한다.
21세기 현대 사회에 들면서 동양에서도 12월 31일을 섣달그믐이라고 일컫는 추세가 늘어나고 있다.","섣달그믐은 음력 12월의 마지막 날로, 음력 12월 30일 또는 음력 12월 29일이다. 동아시아에서는 음력으로 한 해의 마지막 날을 기려 나라마다 각각의 고유한 풍속을 가지고 있다.
대한민국에서는 음력 12월의 명절로, 대회(大晦)라고도 하며, 설(음력 1월 1일) 전날이다. 섣달그믐의 밤은 제야(除夜) 또는 제석(除夕)이라고 한다.
21세기 현대 사회에 들면서 동양에서도 12월 31일을 섣달그믐이라고 일컫는 추세가 늘어나고 있다.

같이 보기
설날
설 (음력 1월 1일)
신년전야 (양력 12월 31일)
오미소카 (양력)",2025-04-01 18:33:38,nan,nan,nan,nan,nan,nan,nan,N/A,nan,nan,nan,nan
